mentor_id,full_name,graduation_year,major,current_title,industry,company,location,interests,available_for,contact_email,preferred_meeting_mode
M001,Justin Holloway,2021,Chemical Engineering,Policy Analyst,Technology,Mcbride PLC,"South Jefffort, OH","['Startup Culture', 'Leadership', 'Public Policy', 'Life Coaching']","['Networking', 'Mock Interviews']",pfarmer@johnson-boyd.com,Online
M002,Nicole Patel,2020,Economics,Financial Analyst,Retail,"Larson, Odonnell and Thomas","Lake John, NE","['Nonprofits', 'Career Transitions', 'Grad School Decisions']","['Resume Review', 'Career Guidance']",hughessuzanne@lopez.com,Hybrid
M003,Ms. Rachel Walker,2009,Psychology,Project Engineer,Media,Bauer-Chan,"Lake Lisa, AL","['Resume Review', 'Public Policy', 'MBA Advice', 'Law School Prep']","['Resume Review', 'Networking']",jasonlane@gmail.com,Hybrid
M004,Katrina Rodriguez,2018,English Literature,Product Manager,Retail,Brooks Inc,"Jenniferside, NV","['Startup Culture', 'AI/ML', 'MBA Advice', 'Work-Life Balance']","['Resume Review', 'Career Guidance']",danielwatts@thompson-maldonado.com,Online
M005,Melvin Sweeney,2017,Sociology,Software Engineer,Nonprofit,Jenkins-Harmon,"Lake Barry, WV","['FinTech', 'DEI', 'AI/ML', 'Law School Prep']","['Networking', 'Career Guidance']",allenwise@yahoo.com,Hybrid
M006,Daniel Hopkins,2018,Sociology,Product Manager,Healthcare,Lynch PLC,"Jamesland, WY","['MBA Advice', 'Sustainable Tech']","['Project Feedback', 'Resume Review', 'Life Coaching']",jacobowens@chan.biz,In-person
M007,Austin Harris,2015,Mechanical Engineering,Data Analyst,Nonprofit,Johnson-Adams,"New Susanville, AL","['Tech Interviews', 'Resume Review']","['Mock Interviews', 'Career Guidance']",yhowell@gmail.com,Hybrid
M008,Scott Hopkins,2008,Philosophy,Marketing Specialist,Consulting,Hatfield Inc,"East Katelyn, TX","['MBA Advice', 'Mock Interviews', 'FinTech']","['Mock Interviews', 'Networking']",woodwardmichael@sellers.net,Online
M009,Dana Daugherty,2005,Mechanical Engineering,HR Business Partner,Retail,"Brown, Esparza and Barrett","New Paul, MD","['Mock Interviews', 'Law School Prep', 'Leadership', 'Project Feedback']","['Networking', 'Project Feedback']",briantaylor@yahoo.com,In-person
M010,Kelsey Davies,2011,Finance,Marketing Specialist,Education,"Chapman, Hernandez and Peck","East Aaronmouth, TN","['Work-Life Balance', 'Tech Interviews', 'Mock Interviews', 'MBA Advice']","['Networking', 'Resume Review', 'Life Coaching']",ccooper@carson.org,In-person
M011,Thomas Shepard,2005,English Literature,Research Associate,Technology,Hines-Maldonado,"Andrewfurt, NM","['Startup Culture', 'Project Feedback', 'Nonprofits', 'Networking']","['Networking', 'Mock Interviews', 'Career Guidance']",jeffrey29@yahoo.com,In-person
M012,Jill Andrade,2014,Finance,Project Engineer,Education,"Johnson, Arias and Green","Port Richardmouth, WY","['Mock Interviews', 'FinTech', 'Tech Interviews', 'Networking']","['Networking', 'Career Guidance']",pbailey@norris.info,Online
M013,Kendra Branch,2014,Marketing,Research Associate,Healthcare,Garza-Dominguez,"Lake Aliciahaven, NH","['Resume Review', 'DEI', 'Tech Interviews', 'Career Transitions']","['Mock Interviews', 'Life Coaching']",mary34@yahoo.com,Online
M014,Sarah Stephens,2009,Computer Science,Software Engineer,Nonprofit,Robinson-Mann,"Mitchelltown, MS","['Startup Culture', 'Resume Review', 'Tech Interviews', 'DEI']","['Career Guidance', 'Life Coaching', 'Networking']",alexander90@hotmail.com,Hybrid
M015,Nicholas Brown,2019,Environmental Science,Product Manager,Retail,Wise-Howard,"Jenniferburgh, MS","['Startup Culture', 'Work-Life Balance', 'Resume Review', 'Project Feedback']","['Project Feedback', 'Career Guidance', 'Networking']",sylvia98@gmail.com,Online
M016,Laura Singleton,2017,Philosophy,Software Engineer,Finance,"Nelson, Alexander and Beck","Robertburgh, NV","['Career Transitions', 'Mock Interviews', 'AI/ML']","['Project Feedback', 'Career Guidance', 'Mock Interviews']",troy95@gmail.com,Hybrid
M017,Matthew Allen,2022,Economics,Marketing Specialist,Technology,Rice-Frye,"Ballborough, NJ","['Mock Interviews', 'Nonprofits', 'Work-Life Balance']","['Mock Interviews', 'Networking']",levineantonio@gmail.com,In-person
M018,Sandra Hernandez,2018,Marketing,Data Analyst,Media,"Stein, Calderon and Lawson","North Stephenland, NJ","['Leadership', 'Public Policy', 'Life Coaching']","['Networking', 'Project Feedback']",westlouis@rowland-kirby.info,Hybrid
M019,Stephen Stark DDS,2008,Economics,Marketing Specialist,Healthcare,Andrews PLC,"New Danielle, NV","['Nonprofits', 'FinTech', 'Networking', 'Leadership']","['Project Feedback', 'Networking']",ashleyblake@yahoo.com,Online
M020,Samantha Lawrence,2011,English Literature,Data Analyst,Retail,Brady Inc,"Lake Samanthaburgh, KY","['Mock Interviews', 'AI/ML', 'Public Policy']","['Career Guidance', 'Resume Review', 'Life Coaching']",kellertim@mclaughlin-moran.org,Online
M021,Gerald Summers,2012,Environmental Science,Research Associate,Retail,"Powers, Hunter and Hernandez","New Manuelview, MN","['Public Policy', 'Resume Review', 'Project Feedback', 'Startup Culture']","['Career Guidance', 'Project Feedback']",ericajones@schmitt-ortega.biz,Online
M022,Michael Kim,2014,Business Administration,Financial Analyst,Consulting,Gonzalez and Sons,"Lake Dean, NM","['Tech Interviews', 'AI/ML', 'Resume Review']","['Mock Interviews', 'Career Guidance']",nathan52@carter.com,Hybrid
M023,Charles Williams,2006,Mathematics,Data Analyst,Government,Simpson Group,"New Andreaport, AK","['Nonprofits', 'Work-Life Balance', 'MBA Advice', 'DEI']","['Mock Interviews', 'Career Guidance', 'Life Coaching']",angelafletcher@yahoo.com,Hybrid
M024,Kelly Moran,2010,Economics,Research Associate,Nonprofit,"Wolfe, Taylor and Hall","Bradymouth, NE","['MBA Advice', 'Tech Interviews']","['Resume Review', 'Mock Interviews']",kclark@banks.com,In-person
M025,Daniel Henderson,2005,Business Administration,Operations Manager,Government,"Jefferson, Wade and King","Espinozaview, DE","['Sustainable Tech', 'MBA Advice']","['Life Coaching', 'Resume Review', 'Networking']",anthony03@lynn.com,In-person
M026,Emily Schneider,2016,Chemical Engineering,Policy Analyst,Consulting,"Booker, Maxwell and Hunt","Gonzalezmouth, AZ","['Career Transitions', 'Resume Review', 'Work-Life Balance']","['Mock Interviews', 'Career Guidance', 'Networking']",janetwood@spencer.com,Hybrid
M027,Brandi Hicks,2006,Physics,Operations Manager,Government,"Poole, Smith and Wilson","New Rachael, OR","['DEI', 'Grad School Decisions', 'Mock Interviews']","['Project Feedback', 'Resume Review', 'Life Coaching']",gdoyle@mcdonald.info,Online
M028,Christopher Maldonado,2013,Computer Science,Financial Analyst,Consulting,"Porter, Haas and Williams","Port Kent, MI","['Life Coaching', 'AI/ML']","['Resume Review', 'Networking', 'Career Guidance']",pattonscott@klein.info,Hybrid
M029,Terrence Knox,2009,Psychology,HR Business Partner,Education,Richard PLC,"Donaldview, MD","['DEI', 'Grad School Decisions']","['Resume Review', 'Career Guidance', 'Mock Interviews']",kevincoffey@gmail.com,In-person
M030,Mrs. Amanda Ross,2012,Political Science,Research Associate,Retail,Evans and Sons,"East Justin, AK","['Life Coaching', 'MBA Advice', 'FinTech', 'Public Policy']","['Mock Interviews', 'Project Feedback', 'Networking']",lmiller@perez.biz,In-person
M031,Jeremiah Jones,2010,Psychology,Financial Analyst,Government,"Peterson, Hamilton and Rhodes","East Tyler, PA","['DEI', 'MBA Advice', 'Startup Culture']","['Life Coaching', 'Networking', 'Resume Review']",nealpatrick@gmail.com,Online
M032,Robin Baker,2020,Psychology,Software Engineer,Technology,Brooks Group,"Martinezton, NY","['Resume Review', 'Project Feedback', 'Work-Life Balance', 'Tech Interviews']","['Project Feedback', 'Resume Review', 'Mock Interviews']",hicksmichelle@gmail.com,In-person
M033,Teresa Grimes,2006,Biology,Software Engineer,Retail,Clark PLC,"Rosebury, MO","['Project Feedback', 'Work-Life Balance', 'Grad School Decisions']","['Life Coaching', 'Project Feedback']",marvin26@yahoo.com,Online
M034,Theodore Miller,2013,Philosophy,Marketing Specialist,Retail,Cortez-Mendoza,"Myershaven, PA","['Networking', 'FinTech', 'MBA Advice']","['Resume Review', 'Life Coaching', 'Networking']",sanchezdavid@mckay.com,Hybrid
M035,Barbara Phillips,2006,Sociology,Research Associate,Healthcare,Mccarty-Barber,"South Jimmybury, MT","['MBA Advice', 'Nonprofits', 'Tech Interviews']","['Mock Interviews', 'Life Coaching', 'Networking']",mark17@pena.net,In-person
M036,Kristina Baker,2022,Finance,Data Analyst,Nonprofit,"Hansen, Mitchell and Dougherty","North Shanefort, WI","['Resume Review', 'DEI']","['Networking', 'Life Coaching']",clara@boyd-walker.com,In-person
M037,Kevin Carey,2006,Business Administration,Data Analyst,Government,Pace-Moreno,"East Sandra, MN","['MBA Advice', 'Mock Interviews', 'Public Policy', 'Nonprofits']","['Resume Review', 'Life Coaching']",anita75@hotmail.com,Online
M038,Terry Moore,2012,Marketing,Research Associate,Media,"Martinez, Payne and Murray","Lake Howardview, NE","['FinTech', 'Tech Interviews']","['Career Guidance', 'Project Feedback', 'Life Coaching']",stevenssherry@reyes.com,Online
M039,Kristen Sanders,2016,Computer Science,Software Engineer,Media,"Ray, Freeman and Jones","North Suzanne, WI","['Startup Culture', 'Work-Life Balance', 'Sustainable Tech']","['Project Feedback', 'Resume Review', 'Career Guidance']",mendezveronica@gmail.com,Online
M040,Angelica Holt,2006,Philosophy,Marketing Specialist,Government,Perry-Bradshaw,"Mossfort, WI","['Tech Interviews', 'Law School Prep', 'Leadership', 'Life Coaching']","['Mock Interviews', 'Career Guidance', 'Resume Review']",brendahooper@duncan.biz,Hybrid
M041,Paul Ford,2010,Environmental Science,Research Associate,Nonprofit,Duncan-Harris,"North Zachary, NM","['Startup Culture', 'AI/ML', 'Project Feedback', 'Law School Prep']","['Life Coaching', 'Project Feedback']",aproctor@doyle.com,Hybrid
M042,Ryan West,2018,Chemical Engineering,Research Associate,Manufacturing,"Gonzalez, Harmon and Shaw","Port Ashleyshire, SD","['FinTech', 'Public Policy', 'Resume Review']","['Career Guidance', 'Networking', 'Resume Review']",whitesean@robbins.com,Hybrid
M043,Samuel Norris,2007,Physics,Data Analyst,Retail,"Sharp, Garcia and Gray","Herringview, CA","['Sustainable Tech', 'DEI']","['Networking', 'Project Feedback']",wleach@jackson.org,In-person
M044,Robert Andrews,2016,Business Administration,Data Analyst,Education,White and Sons,"East Christopher, MD","['Grad School Decisions', 'Project Feedback']","['Career Guidance', 'Project Feedback', 'Life Coaching']",jdavis@oliver.com,In-person
M045,Justin Williams,2011,Political Science,Software Engineer,Nonprofit,"Allison, West and Dixon","Port Cristinabury, DC","['Law School Prep', 'DEI', 'Life Coaching', 'Project Feedback']","['Project Feedback', 'Mock Interviews', 'Career Guidance']",tbrennan@hotmail.com,In-person
M046,Timothy Bailey,2019,Business Administration,Product Manager,Manufacturing,"Hensley, Smith and Mayo","Aaronton, CT","['Networking', 'Public Policy']","['Networking', 'Career Guidance', 'Life Coaching']",amyjohnson@gmail.com,Online
M047,Mark Christian,2020,Biology,Software Engineer,Nonprofit,"Williams, Taylor and Thomas","North Sarah, TN","['MBA Advice', 'Startup Culture']","['Networking', 'Project Feedback']",reverett@hotmail.com,In-person
M048,Michele Hall,2010,Computer Science,HR Business Partner,Government,"Sullivan, Ramirez and Lambert","Thomaschester, RI","['FinTech', 'Grad School Decisions', 'Mock Interviews']","['Mock Interviews', 'Life Coaching']",ericsimmons@edwards.org,In-person
M049,Joshua Rios,2016,Business Administration,Data Analyst,Nonprofit,"Gonzalez, Lynch and Mercer","West Mollychester, WA","['Nonprofits', 'AI/ML', 'Leadership']","['Networking', 'Career Guidance']",smejia@lynn.com,In-person
M050,Mindy Hinton,2016,Sociology,HR Business Partner,Retail,Franklin Ltd,"Lake Jerry, OR","['DEI', 'MBA Advice', 'Startup Culture', 'Sustainable Tech']","['Mock Interviews', 'Resume Review', 'Project Feedback']",michaelray@crawford.org,Hybrid
M051,Anne Wiggins,2006,Environmental Science,HR Business Partner,Manufacturing,"Welch, Ramirez and Nichols","New Anthony, DE","['Project Feedback', 'Nonprofits', 'Tech Interviews']","['Project Feedback', 'Mock Interviews', 'Career Guidance']",czuniga@gmail.com,Hybrid
M052,Kristie Boyd,2021,Finance,Project Engineer,Manufacturing,"Hamilton, Gallagher and Cantrell","Andrewfurt, ID","['Sustainable Tech', 'FinTech']","['Networking', 'Life Coaching', 'Resume Review']",donnareed@gmail.com,Online
M053,Robert Cabrera,2022,Marketing,Operations Manager,Government,Cline-Powell,"Liushire, NE","['Networking', 'Resume Review']","['Networking', 'Project Feedback']",sarah75@johnston.org,In-person
M054,Tiffany Phillips,2014,Psychology,Policy Analyst,Finance,"White, Williams and Smith","Gabrieltown, ND","['Sustainable Tech', 'Mock Interviews', 'DEI', 'Law School Prep']","['Networking', 'Life Coaching']",leepatricia@hotmail.com,In-person
M055,Gregory Morton,2006,Biology,HR Business Partner,Manufacturing,Lewis-Young,"New Ashley, ND","['Leadership', 'Career Transitions']","['Networking', 'Career Guidance']",owensmichael@underwood.biz,Hybrid
M056,Dr. Brett Edwards,2008,Economics,Marketing Specialist,Healthcare,"Ayala, Haley and Ward","East Nichole, HI","['Leadership', 'Startup Culture', 'Career Transitions']","['Career Guidance', 'Mock Interviews']",patriciamartin@hotmail.com,Hybrid
M057,Chad Bray,2010,Finance,Research Associate,Healthcare,Hardin-Galvan,"Michaelburgh, GA","['Work-Life Balance', 'Project Feedback', 'Law School Prep']","['Resume Review', 'Mock Interviews', 'Life Coaching']",hillhannah@hotmail.com,In-person
M058,Brian Elliott,2017,Philosophy,Operations Manager,Manufacturing,Parker-Acosta,"New Mary, NH","['Networking', 'Mock Interviews']","['Career Guidance', 'Project Feedback']",rharrington@gmail.com,Hybrid
M059,Adrian Tate,2018,English Literature,Software Engineer,Manufacturing,"Wagner, Lee and Bird","North Katrinahaven, VA","['AI/ML', 'Life Coaching']","['Networking', 'Project Feedback', 'Resume Review']",nataliemoreno@hotmail.com,In-person
M060,Ricky Grimes,2020,Environmental Science,Product Manager,Nonprofit,"Kramer, Oliver and Baker","Keithborough, CA","['Nonprofits', 'MBA Advice']","['Career Guidance', 'Project Feedback', 'Resume Review']",vwatson@yahoo.com,Online
M061,Cole Ortiz,2015,Marketing,Product Manager,Finance,Mccoy and Sons,"Chenbury, MD","['Networking', 'Resume Review']","['Life Coaching', 'Networking']",amy94@yahoo.com,Online
M062,Tonya King,2022,Physics,Marketing Specialist,Media,Dickerson-Li,"Lopezborough, HI","['Networking', 'Leadership', 'Career Transitions', 'Life Coaching']","['Life Coaching', 'Networking', 'Resume Review']",rebeccahines@price.biz,Hybrid
M063,Christina Booker,2005,Sociology,Financial Analyst,Government,"Sanchez, Johnson and Curtis","Amytown, SD","['MBA Advice', 'FinTech']","['Life Coaching', 'Networking', 'Resume Review']",swatts@taylor.info,Hybrid
M064,Adam Rios,2009,Biology,Software Engineer,Retail,Goodwin LLC,"North Julie, IL","['FinTech', 'MBA Advice', 'Life Coaching']","['Life Coaching', 'Project Feedback']",dsimmons@gmail.com,Online
M065,Victoria Jackson,2018,Computer Science,Financial Analyst,Education,Manning and Sons,"New Tracyview, NH","['Mock Interviews', 'Nonprofits']","['Career Guidance', 'Networking', 'Life Coaching']",alvaradomary@gmail.com,Online
M066,Fred Manning,2013,Economics,Marketing Specialist,Healthcare,Wilkinson Inc,"Jenniferhaven, FL","['Project Feedback', 'FinTech', 'Leadership', 'Grad School Decisions']","['Resume Review', 'Mock Interviews', 'Career Guidance']",kwood@gmail.com,Hybrid
M067,Donna Butler,2015,Sociology,Project Engineer,Consulting,Mckee-Collins,"Whiteton, OR","['Startup Culture', 'Work-Life Balance']","['Life Coaching', 'Project Feedback', 'Resume Review']",vincent26@brown.org,In-person
M068,Michael Morales,2010,Business Administration,Project Engineer,Education,Ross Inc,"West Anthony, NJ","['FinTech', 'Life Coaching', 'Networking', 'Career Transitions']","['Resume Review', 'Mock Interviews']",griddle@morris.info,Hybrid
M069,Chad Rodriguez,2005,Computer Science,Marketing Specialist,Government,Hernandez and Sons,"South Judith, WI","['Public Policy', 'Work-Life Balance', 'Mock Interviews']","['Project Feedback', 'Career Guidance']",doughertyaustin@gmail.com,In-person
M070,Frank Cortez,2014,Environmental Science,Operations Manager,Finance,Stokes Inc,"Lake Davidland, DC","['Leadership', 'DEI']","['Project Feedback', 'Life Coaching', 'Career Guidance']",tony05@hotmail.com,Hybrid
M071,Tyler Watson,2009,Economics,HR Business Partner,Education,"Miller, Diaz and Glenn","South Karen, DC","['Mock Interviews', 'Public Policy']","['Project Feedback', 'Life Coaching']",robert23@crosby.biz,Online
M072,Erik Brown,2013,Sociology,Policy Analyst,Manufacturing,Hodge-Anderson,"Scotttown, NH","['Nonprofits', 'Work-Life Balance', 'Mock Interviews', 'FinTech']","['Networking', 'Resume Review']",lindanelson@clements.com,In-person
M073,Terrence Bullock,2017,Economics,Policy Analyst,Manufacturing,"Larson, Watson and Schultz","East Amystad, MS","['MBA Advice', 'Public Policy', 'Resume Review', 'Life Coaching']","['Networking', 'Project Feedback']",michaelbell@obrien.com,Hybrid
M074,Kiara Ritter,2009,Finance,Financial Analyst,Finance,Gonzalez Group,"Lake Allen, DC","['AI/ML', 'Work-Life Balance', 'Law School Prep', 'Public Policy']","['Networking', 'Resume Review']",jessicacox@miller-gaines.com,Hybrid
M075,Robert Gonzalez,2006,Mathematics,Research Associate,Consulting,Smith-Perez,"Lake Valerieshire, AL","['Startup Culture', 'Leadership']","['Networking', 'Project Feedback']",johnyoung@raymond.com,Online
M076,Stephen Hernandez,2011,Sociology,Research Associate,Healthcare,Adams-Snyder,"Port Ronaldchester, VA","['Career Transitions', 'Sustainable Tech', 'Work-Life Balance', 'Grad School Decisions']","['Resume Review', 'Project Feedback', 'Life Coaching']",jameshoward@lambert.com,Hybrid
M077,Melanie Fitzgerald,2019,English Literature,Software Engineer,Healthcare,"Dixon, Kirk and Villegas","Port Josephton, MA","['Sustainable Tech', 'Law School Prep', 'AI/ML']","['Networking', 'Career Guidance', 'Mock Interviews']",rebeccadaugherty@white-moore.com,Hybrid
M078,Zachary Johnson,2009,Marketing,Data Analyst,Healthcare,Miller Group,"Nicholasville, NV","['Sustainable Tech', 'Nonprofits']","['Networking', 'Resume Review']",cparks@hotmail.com,Online
M079,Ashley Johnson,2007,Computer Science,Financial Analyst,Healthcare,"Williams, Cooke and Gray","Danielston, AR","['Mock Interviews', 'MBA Advice']","['Resume Review', 'Networking', 'Mock Interviews']",jmatthews@padilla-moreno.com,Hybrid
M080,Joseph Perez,2017,Biology,Marketing Specialist,Retail,Green-Silva,"Perryhaven, IN","['Networking', 'Career Transitions', 'Life Coaching', 'Project Feedback']","['Life Coaching', 'Mock Interviews', 'Resume Review']",dalegonzales@dorsey.com,Hybrid
M081,Mark Green,2008,Psychology,HR Business Partner,Finance,Hernandez-Ellis,"Stevenside, VT","['Networking', 'Work-Life Balance', 'Grad School Decisions']","['Career Guidance', 'Project Feedback', 'Resume Review']",victor91@campbell.info,In-person
M082,Tami Anderson,2022,Psychology,HR Business Partner,Media,"Griffin, Lewis and White","North Maurice, GA","['Law School Prep', 'Work-Life Balance', 'Public Policy']","['Project Feedback', 'Networking', 'Mock Interviews']",ybuchanan@yahoo.com,Hybrid
M083,Gloria Esparza,2006,Chemical Engineering,Product Manager,Healthcare,"Garcia, Smith and Benitez","East Theresashire, MA","['Grad School Decisions', 'Startup Culture']","['Networking', 'Mock Interviews']",stantonjames@yahoo.com,Online
M084,Carolyn Gould,2013,English Literature,Financial Analyst,Consulting,"Hall, Henry and Flores","New Debraview, OH","['AI/ML', 'DEI', 'Work-Life Balance', 'MBA Advice']","['Resume Review', 'Life Coaching', 'Project Feedback']",teresa05@brown-byrd.com,Hybrid
M085,Frank Rodriguez,2022,Environmental Science,Policy Analyst,Healthcare,Sexton Inc,"Lake Haroldmouth, NY","['Networking', 'Resume Review', 'Work-Life Balance']","['Mock Interviews', 'Networking', 'Project Feedback']",melissa04@hamilton.com,In-person
M086,Robyn Huff,2007,Business Administration,Marketing Specialist,Education,Myers Group,"Jordanfurt, VT","['Life Coaching', 'Career Transitions']","['Networking', 'Resume Review', 'Project Feedback']",emily48@sawyer.com,In-person
M087,Katelyn Reyes DVM,2008,Psychology,Project Engineer,Healthcare,Johnson Group,"Mikeburgh, LA","['Leadership', 'Law School Prep', 'Tech Interviews']","['Networking', 'Life Coaching', 'Resume Review']",matthew78@hotmail.com,In-person
M088,Eric Nguyen,2022,Sociology,Policy Analyst,Nonprofit,"Knapp, Padilla and Johnson","East Maria, WI","['Law School Prep', 'Career Transitions', 'Public Policy']","['Networking', 'Career Guidance']",mitchellbethany@warner.org,In-person
M089,Larry Scott,2016,Biology,HR Business Partner,Finance,"Macdonald, Lambert and Walker","East Jasonbury, IA","['Public Policy', 'Life Coaching', 'Project Feedback']","['Mock Interviews', 'Project Feedback', 'Resume Review']",castanedajames@henderson-tran.info,Hybrid
M090,Natalie Frank,2006,Economics,Marketing Specialist,Technology,Reeves-Rios,"North Tara, OH","['Career Transitions', 'Law School Prep']","['Resume Review', 'Life Coaching', 'Mock Interviews']",millerrichard@hotmail.com,Hybrid
M091,Gary Lee,2022,Psychology,Financial Analyst,Education,Camacho Inc,"Burnettland, ME","['Leadership', 'DEI']","['Project Feedback', 'Resume Review', 'Career Guidance']",markadams@martinez.info,In-person
M092,Danny Conway,2017,Chemical Engineering,Product Manager,Media,Powell PLC,"East Williammouth, ID","['Sustainable Tech', 'FinTech', 'Project Feedback', 'Tech Interviews']","['Life Coaching', 'Mock Interviews', 'Project Feedback']",chrisjohnson@yahoo.com,Online
M093,Johnny Atkinson,2022,Computer Science,Project Engineer,Healthcare,"Velazquez, Boyer and Morse","Anthonychester, AR","['Resume Review', 'MBA Advice', 'Sustainable Tech']","['Career Guidance', 'Resume Review', 'Life Coaching']",lisahancock@yahoo.com,Hybrid
M094,Angela Mitchell,2009,Chemical Engineering,Operations Manager,Technology,"Hall, Zimmerman and Graham","West Kim, ID","['Career Transitions', 'Project Feedback', 'Life Coaching']","['Life Coaching', 'Networking']",sarahortiz@david.com,Hybrid
M095,Colleen Patterson,2015,Philosophy,Research Associate,Retail,Villa-Romero,"Craigton, NY","['Career Transitions', 'FinTech']","['Networking', 'Life Coaching']",ronald10@hotmail.com,Hybrid
M096,Spencer Trevino,2010,Psychology,Marketing Specialist,Finance,Nichols and Sons,"South Anthonyport, VA","['Resume Review', 'Career Transitions', 'Leadership', 'Work-Life Balance']","['Project Feedback', 'Career Guidance']",qbarnes@gmail.com,Hybrid
M097,Greg Cardenas,2017,Finance,Data Analyst,Healthcare,Miller-Mclean,"West Bethanymouth, AZ","['Life Coaching', 'AI/ML', 'Career Transitions']","['Project Feedback', 'Resume Review', 'Career Guidance']",savannah94@hotmail.com,In-person
M098,Sarah Rivera,2012,Psychology,Policy Analyst,Nonprofit,Park Inc,"South Elizabethside, WY","['Mock Interviews', 'Work-Life Balance']","['Mock Interviews', 'Project Feedback', 'Resume Review']",roger29@wheeler.com,Online
M099,James Spears,2012,Physics,Research Associate,Consulting,Moreno LLC,"North Alexandria, VT","['Resume Review', 'Public Policy']","['Mock Interviews', 'Networking', 'Life Coaching']",fphelps@gmail.com,Hybrid
M100,Leah Walter,2018,Business Administration,HR Business Partner,Healthcare,"Rodriguez, Walker and Wolfe","Elizabethbury, KY","['Resume Review', 'Life Coaching', 'Mock Interviews', 'Law School Prep']","['Project Feedback', 'Networking']",lisa75@yahoo.com,Online
